round,file,nonblank_lines,diff_lines,same_headings,same_file_set
r1,AGENTS.md,22,1,1,1
r1,README.md,27,0,1,1
r1,docs/architecture.md,47,9,1,1
r1,docs/decisions/2026-09-20-provider-stdio.md,24,7,0,1
r1,docs/decisions/README.md,5,1,1,1
r2,AGENTS.md,21,1,1,1
r2,README.md,27,0,1,1
r2,docs/architecture.md,45,6,1,1
r2,docs/decisions/2026-09-20-provider-stdio.md,24,6,1,1
r2,docs/decisions/README.md,5,0,1,1
r3,AGENTS.md,21,0,1,1
r3,README.md,27,1,1,1
r3,docs/architecture.md,45,6,1,1
r3,docs/decisions/2026-09-20-provider-stdio.md,24,3,0,1
r3,docs/decisions/README.md,5,1,1,1
r4,AGENTS.md,20,0,1,1
r4,README.md,27,0,1,1
r4,docs/architecture.md,45,3,1,1
r4,docs/decisions/2026-09-20-provider-stdio.md,24,4,1,1
r4,docs/decisions/README.md,5,0,1,1
