version,skill,bytes,o200k,claude_legacy,desc_o200k,desc_claude_legacy
before,code-style,25112,6652,10710,66,122
before,code-style-kotlin,6809,1959,2828,69,115
before,code-style-python,5725,1680,2437,63,102
before,code-style-rust,7986,2287,3233,61,99
before,folder-naming,3101,926,1403,53,78
before,git-branch,4872,1418,2182,50,70
before,git-commit,5113,1494,2280,36,57
before,git-issue,5277,1587,2538,53,87
before,git-pull-request,4244,1235,2016,39,70
before,repo-docs,14255,4362,6368,82,148
before,repo-docs-decision,4670,1312,2177,73,116
before,repo-docs-design,11956,3514,5425,76,126
before,repo-docs-experiment,11984,3754,5455,92,147
before,repo-docs-figures,10625,3459,4598,95,149
before,repo-docs-journal,6344,1856,3008,63,113
before,repo-docs-llms,3913,1205,1548,72,102
before,repo-docs-note,2792,839,1251,63,104
before,repo-docs-promo,4215,1271,1851,92,159
before,repo-docs-readme,10456,2971,4647,79,130
before,repo-docs-root,5792,1767,2640,74,108
before,repo-docs-spec,6814,2132,3216,66,95
r1,code-refactoring,11920,2923,4792,42,73
r1,code-style,12842,3615,5746,48,86
r1,code-style-kotlin,6405,1857,2656,64,106
r1,code-style-python,5387,1594,2290,58,93
r1,code-style-rust,7625,2199,3073,55,89
r1,folder-naming,3082,921,1386,60,89
r1,git-branch,4625,1353,2080,60,87
r1,git-commit,5107,1494,2271,36,57
r1,git-issue,5181,1585,2519,53,87
r1,git-pull-request,4194,1228,2009,51,91
r1,repo-docs,15692,4784,7004,63,106
r1,repo-docs-decision,4601,1292,2172,65,106
r1,repo-docs-design,10392,3116,4793,59,101
r1,repo-docs-experiment,11520,3682,5325,66,106
r1,repo-docs-figures,10175,3372,4437,65,94
r1,repo-docs-journal,6161,1819,2958,60,107
r1,repo-docs-llms,3881,1212,1561,58,82
r1,repo-docs-note,2766,830,1250,59,94
r1,repo-docs-promo,3927,1215,1757,57,100
r1,repo-docs-readme,10300,2875,4602,62,104
r1,repo-docs-root,5865,1748,2644,58,81
r1,repo-docs-spec,6776,2133,3227,46,68
r2,code-refactoring,11963,2934,4812,42,73
r2,code-style,13021,3665,5824,48,86
r2,code-style-kotlin,6553,1894,2716,64,106
r2,code-style-python,5534,1631,2349,58,93
r2,code-style-rust,7764,2234,3135,55,89
r2,folder-naming,3093,923,1390,60,89
r2,git-branch,4636,1355,2084,60,87
r2,git-commit,5118,1496,2275,36,57
r2,git-issue,5209,1581,2526,53,87
r2,git-pull-request,4205,1230,2013,51,91
r2,repo-docs,16089,4892,7181,63,106
r2,repo-docs-decision,4736,1324,2226,65,106
r2,repo-docs-design,10610,3174,4883,59,101
r2,repo-docs-experiment,11569,3695,5348,69,111
r2,repo-docs-figures,10218,3383,4457,65,94
r2,repo-docs-journal,6204,1830,2978,60,107
r2,repo-docs-llms,3924,1223,1581,58,82
r2,repo-docs-note,2809,841,1270,59,94
r2,repo-docs-promo,4023,1235,1794,57,100
r2,repo-docs-readme,10339,2885,4620,62,104
r2,repo-docs-root,6060,1822,2720,58,81
r2,repo-docs-spec,6819,2144,3247,46,68
r3,code-refactoring,11963,2934,4812,42,73
r3,code-style,13021,3665,5824,48,86
r3,code-style-kotlin,6553,1894,2716,64,106
r3,code-style-python,5534,1631,2349,58,93
r3,code-style-rust,7764,2234,3135,55,89
r3,folder-naming,3093,923,1390,60,89
r3,git-branch,4636,1355,2084,60,87
r3,git-commit,5118,1496,2275,36,57
r3,git-issue,5209,1581,2526,53,87
r3,git-pull-request,4205,1230,2013,51,91
r3,repo-docs,16449,5009,7342,63,106
r3,repo-docs-decision,4736,1324,2226,65,106
r3,repo-docs-design,10610,3174,4883,59,101
r3,repo-docs-experiment,11569,3695,5348,69,111
r3,repo-docs-figures,10218,3383,4457,65,94
r3,repo-docs-journal,6204,1830,2978,60,107
r3,repo-docs-llms,3924,1223,1581,58,82
r3,repo-docs-note,2809,841,1270,59,94
r3,repo-docs-promo,4023,1235,1794,57,100
r3,repo-docs-readme,10339,2885,4620,62,104
r3,repo-docs-root,6060,1822,2720,58,81
r3,repo-docs-spec,6819,2144,3247,46,68
after,code-refactoring,12020,2947,4832,42,73
after,code-style,13021,3665,5824,48,86
after,code-style-kotlin,6553,1894,2716,64,106
after,code-style-python,5534,1631,2349,58,93
after,code-style-rust,7764,2234,3135,55,89
after,folder-naming,3093,923,1390,60,89
after,git-branch,4636,1355,2084,60,87
after,git-commit,5118,1496,2275,36,57
after,git-issue,5209,1581,2526,53,87
after,git-pull-request,4205,1230,2013,51,91
after,repo-docs,16819,5121,7505,63,106
after,repo-docs-decision,4813,1344,2258,65,106
after,repo-docs-design,10520,3150,4850,59,101
after,repo-docs-experiment,11569,3695,5348,69,111
after,repo-docs-figures,10218,3383,4457,65,94
after,repo-docs-journal,6204,1830,2978,60,107
after,repo-docs-llms,3924,1223,1581,58,82
after,repo-docs-note,2809,841,1270,59,94
after,repo-docs-promo,4023,1235,1794,57,100
after,repo-docs-readme,10339,2885,4620,62,104
after,repo-docs-root,6148,1844,2760,58,81
after,repo-docs-spec,6819,2144,3247,46,68
