run,prompt,expected,chosen,hit_catalog,hit_after_base,missing,extra
after-1,1,git-commit,git-commit,1,1,,
after-1,2,git-branch git-pull-request,git-branch git-pull-request,1,1,,
after-1,3,git-issue,git-issue,1,1,,
after-1,4,repo-docs repo-docs-readme,repo-docs repo-docs-readme,1,1,,
after-1,5,repo-docs repo-docs-design,repo-docs repo-docs-design,1,1,,
after-1,6,repo-docs repo-docs-spec,repo-docs repo-docs-spec,1,1,,
after-1,7,repo-docs repo-docs-figures repo-docs-spec,repo-docs repo-docs-figures repo-docs-spec,1,1,,
after-1,8,repo-docs repo-docs-experiment,repo-docs repo-docs-experiment,1,1,,
after-1,9,repo-docs repo-docs-experiment repo-docs-figures,repo-docs repo-docs-experiment repo-docs-figures,1,1,,
after-1,10,repo-docs repo-docs-decision,repo-docs repo-docs-decision,1,1,,
after-1,11,repo-docs repo-docs-journal,repo-docs repo-docs-journal,1,1,,
after-1,12,repo-docs repo-docs-note,repo-docs repo-docs-note,1,1,,
after-1,13,repo-docs repo-docs-promo,repo-docs-promo,0,1,,
after-1,14,repo-docs repo-docs-llms,repo-docs repo-docs-llms,1,1,,
after-1,15,repo-docs repo-docs-root,repo-docs repo-docs-root,1,1,,
after-1,16,repo-docs repo-docs-figures,repo-docs repo-docs-figures,1,1,,
after-1,17,code-refactoring code-style code-style-rust,code-refactoring code-style code-style-rust,1,1,,
after-1,18,code-style code-style-kotlin,code-style code-style-kotlin,1,1,,
after-1,19,code-style code-style-python,code-style code-style-python,1,1,,
after-1,20,folder-naming,folder-naming,1,1,,
after-1,21,code-refactoring code-style,code-refactoring,0,1,,
after-1,22,git-pull-request,git-pull-request,1,1,,
after-1,23,git-branch repo-docs repo-docs-root,git-branch repo-docs repo-docs-root,1,1,,
after-1,24,repo-docs,repo-docs repo-docs-design,1,1,,repo-docs-design
after-1,25,repo-docs repo-docs-spec,repo-docs repo-docs-spec,1,1,,
after-1,26,repo-docs repo-docs-figures repo-docs-readme,repo-docs repo-docs-figures repo-docs-readme,1,1,,
after-1,27,repo-docs repo-docs-root,repo-docs repo-docs-root,1,1,,
after-1,28,git-issue,git-issue,1,1,,
after-1,29,repo-docs repo-docs-design,repo-docs repo-docs-design,1,1,,
after-1,30,git-branch,git-branch,1,1,,
before-1,1,git-commit,git-commit,1,1,,
before-1,2,git-branch git-pull-request,git-branch git-pull-request,1,1,,
before-1,3,git-issue,git-issue,1,1,,
before-1,4,repo-docs repo-docs-readme,repo-docs repo-docs-readme,1,1,,
before-1,5,repo-docs repo-docs-design,repo-docs repo-docs-design,1,1,,
before-1,6,repo-docs repo-docs-spec,repo-docs repo-docs-spec,1,1,,
before-1,7,repo-docs repo-docs-figures repo-docs-spec,repo-docs repo-docs-figures repo-docs-spec,1,1,,
before-1,8,repo-docs repo-docs-experiment,repo-docs repo-docs-experiment,1,1,,
before-1,9,repo-docs repo-docs-experiment repo-docs-figures,repo-docs repo-docs-experiment repo-docs-figures,1,1,,
before-1,10,repo-docs repo-docs-decision,repo-docs repo-docs-decision,1,1,,
before-1,11,repo-docs repo-docs-journal,repo-docs repo-docs-journal,1,1,,
before-1,12,repo-docs repo-docs-note,repo-docs repo-docs-note,1,1,,
before-1,13,repo-docs repo-docs-promo,repo-docs repo-docs-promo,1,1,,
before-1,14,repo-docs repo-docs-llms,repo-docs repo-docs-llms,1,1,,
before-1,15,repo-docs repo-docs-root,repo-docs repo-docs-root,1,1,,
before-1,16,repo-docs repo-docs-figures,repo-docs repo-docs-figures,1,1,,
before-1,17,code-style code-style-rust,code-style code-style-rust,1,1,,
before-1,18,code-style code-style-kotlin,code-style code-style-kotlin,1,1,,
before-1,19,code-style code-style-python,code-style code-style-python,1,1,,
before-1,20,folder-naming,folder-naming,1,1,,
before-1,21,code-style,code-style,1,1,,
before-1,22,git-pull-request,git-pull-request,1,1,,
before-1,23,git-branch repo-docs repo-docs-root,repo-docs repo-docs-root,0,0,git-branch,
before-1,24,repo-docs,repo-docs repo-docs-design,1,1,,repo-docs-design
before-1,25,repo-docs repo-docs-spec,repo-docs repo-docs-spec,1,1,,
before-1,26,repo-docs repo-docs-figures repo-docs-readme,repo-docs repo-docs-figures repo-docs-readme,1,1,,
before-1,27,repo-docs repo-docs-root,repo-docs repo-docs-root,1,1,,
before-1,28,git-issue,git-issue,1,1,,
before-1,29,repo-docs repo-docs-design,repo-docs repo-docs-design,1,1,,
before-1,30,git-branch,git-branch,1,1,,
r1-1,1,git-commit,git-commit,1,1,,
r1-1,2,git-branch git-pull-request,git-branch git-pull-request,1,1,,
r1-1,3,git-issue,git-issue,1,1,,
r1-1,4,repo-docs repo-docs-readme,repo-docs repo-docs-readme,1,1,,
r1-1,5,repo-docs repo-docs-design,repo-docs repo-docs-design,1,1,,
r1-1,6,repo-docs repo-docs-spec,repo-docs repo-docs-spec,1,1,,
r1-1,7,repo-docs repo-docs-figures repo-docs-spec,repo-docs repo-docs-figures repo-docs-spec,1,1,,
r1-1,8,repo-docs repo-docs-experiment,repo-docs repo-docs-experiment,1,1,,
r1-1,9,repo-docs repo-docs-experiment repo-docs-figures,repo-docs repo-docs-experiment repo-docs-figures,1,1,,
r1-1,10,repo-docs repo-docs-decision,repo-docs repo-docs-decision,1,1,,
r1-1,11,repo-docs repo-docs-journal,repo-docs repo-docs-journal,1,1,,
r1-1,12,repo-docs repo-docs-note,repo-docs repo-docs-note,1,1,,
r1-1,13,repo-docs repo-docs-promo,repo-docs-promo,0,1,,
r1-1,14,repo-docs repo-docs-llms,repo-docs repo-docs-llms,1,1,,
r1-1,15,repo-docs repo-docs-root,repo-docs repo-docs-root,1,1,,
r1-1,16,repo-docs repo-docs-figures,repo-docs repo-docs-figures,1,1,,
r1-1,17,code-refactoring code-style code-style-rust,code-refactoring code-style code-style-rust,1,1,,
r1-1,18,code-style code-style-kotlin,code-style code-style-kotlin,1,1,,
r1-1,19,code-style code-style-python,code-style code-style-python,1,1,,
r1-1,20,folder-naming,folder-naming,1,1,,
r1-1,21,code-refactoring code-style,code-refactoring,0,1,,
r1-1,22,git-pull-request,git-pull-request,1,1,,
r1-1,23,git-branch repo-docs repo-docs-root,git-branch repo-docs repo-docs-root,1,1,,
r1-1,24,repo-docs,repo-docs repo-docs-design,1,1,,repo-docs-design
r1-1,25,repo-docs repo-docs-spec,repo-docs repo-docs-spec,1,1,,
r1-1,26,repo-docs repo-docs-figures repo-docs-readme,repo-docs repo-docs-figures repo-docs-readme,1,1,,
r1-1,27,repo-docs repo-docs-root,repo-docs repo-docs-root,1,1,,
r1-1,28,git-issue,git-issue,1,1,,
r1-1,29,repo-docs repo-docs-design,repo-docs repo-docs-design,1,1,,
r1-1,30,git-branch,git-branch,1,1,,
r1-2,1,git-commit,git-commit,1,1,,
r1-2,2,git-branch git-pull-request,git-branch git-pull-request,1,1,,
r1-2,3,git-issue,git-issue,1,1,,
r1-2,4,repo-docs repo-docs-readme,repo-docs repo-docs-readme,1,1,,
r1-2,5,repo-docs repo-docs-design,repo-docs repo-docs-design,1,1,,
r1-2,6,repo-docs repo-docs-spec,repo-docs repo-docs-spec,1,1,,
r1-2,7,repo-docs repo-docs-figures repo-docs-spec,repo-docs repo-docs-figures repo-docs-spec,1,1,,
r1-2,8,repo-docs repo-docs-experiment,repo-docs repo-docs-experiment,1,1,,
r1-2,9,repo-docs repo-docs-experiment repo-docs-figures,repo-docs repo-docs-experiment repo-docs-figures,1,1,,
r1-2,10,repo-docs repo-docs-decision,repo-docs repo-docs-decision,1,1,,
r1-2,11,repo-docs repo-docs-journal,repo-docs repo-docs-journal,1,1,,
r1-2,12,repo-docs repo-docs-note,repo-docs repo-docs-note,1,1,,
r1-2,13,repo-docs repo-docs-promo,repo-docs-promo,0,1,,
r1-2,14,repo-docs repo-docs-llms,repo-docs repo-docs-llms,1,1,,
r1-2,15,repo-docs repo-docs-root,repo-docs repo-docs-root,1,1,,
r1-2,16,repo-docs repo-docs-figures,repo-docs repo-docs-figures,1,1,,
r1-2,17,code-refactoring code-style code-style-rust,code-refactoring code-style code-style-rust,1,1,,
r1-2,18,code-style code-style-kotlin,code-style code-style-kotlin,1,1,,
r1-2,19,code-style code-style-python,code-style code-style-python,1,1,,
r1-2,20,folder-naming,folder-naming,1,1,,
r1-2,21,code-refactoring code-style,code-refactoring,0,1,,
r1-2,22,git-pull-request,git-pull-request,1,1,,
r1-2,23,git-branch repo-docs repo-docs-root,git-branch repo-docs repo-docs-root,1,1,,
r1-2,24,repo-docs,repo-docs repo-docs-design,1,1,,repo-docs-design
r1-2,25,repo-docs repo-docs-spec,repo-docs repo-docs-spec,1,1,,
r1-2,26,repo-docs repo-docs-figures repo-docs-readme,repo-docs repo-docs-figures repo-docs-readme,1,1,,
r1-2,27,repo-docs repo-docs-root,repo-docs repo-docs-root,1,1,,
r1-2,28,git-issue,git-issue,1,1,,
r1-2,29,repo-docs repo-docs-design,repo-docs repo-docs-design,1,1,,
r1-2,30,git-branch,git-branch,1,1,,
